﻿pos_x,pos_y,rotation,side,designator,mpn,pack,value,mount_type,place
27.240113,-30.48,180.0,top,C1,,CP_Radial_D5.0mm_P2.50mm,10UF 16V 20%,tht,True
27.240113,-96.584887,180.0,top,C10,,CP_Radial_D5.0mm_P2.50mm,10UF 16V 20%,tht,True
6.920113,-96.584887,180.0,top,C11,,CP_Radial_D5.0mm_P2.50mm,10UF 16V 20%,tht,True
-14.605,-96.584888,-90.0,top,C12,,CP_Radial_D5.0mm_P2.50mm,10UF 16V 20%,tht,True
6.920113,-30.48,180.0,top,C2,,CP_Radial_D5.0mm_P2.50mm,10UF 16V 20%,tht,True
-13.335,-30.48,180.0,top,C3,,CP_Radial_D5.0mm_P2.50mm,10UF 16V 20%,tht,True
-14.605,-38.14,-90.0,top,C4,,CP_Radial_D5.0mm_P2.50mm,10UF 16V 20%,tht,True
24.829887,-40.64,0.0,top,C5,,CP_Radial_D5.0mm_P2.50mm,10UF 16V 20%,tht,True
4.485,-40.64,0.0,top,C6,,CP_Radial_D5.0mm_P2.50mm,10UF 16V 20%,tht,True
27.305,-46.355,180.0,top,C7,,CP_Radial_D5.0mm_P2.50mm,10UF 16V 20%,tht,True
6.985,-46.355,180.0,top,C8,,CP_Radial_D5.0mm_P2.50mm,10UF 16V 20%,tht,True
-14.605,-45.784887,-90.0,top,C9,,CP_Radial_D5.0mm_P2.50mm,10UF 16V 20%,tht,True
16.51,-10.16,0.0,top,H1,,MountingHole_4mm_Pad_Via,MountingHole_Pad,tht,False
-10.16,-116.84,0.0,top,H2,,MountingHole_4mm_Pad_Via,MountingHole_Pad,tht,False
41.91,-116.84,0.0,top,H3,,MountingHole_4mm_Pad_Via,MountingHole_Pad,tht,False
48.26,-25.4,0.0,top,J1,,PinHeader_2x31_P2.54mm_Horizontal,Samtec SSQ-115-02-T-D-RA,tht,True
33.655,-25.4,-90.0,top,J2,,755308430_ISA,Bus_ISA_8bit,tht,True
13.335,-25.4,-90.0,top,J3,,755308430_ISA,Bus_ISA_8bit,tht,True
-6.985,-25.4,-90.0,top,J4,,755308430_ISA,Bus_ISA_8bit,tht,True
